subgraph,node,5 absolute error
OpenVINO-EP-subgraph_10.csv,/model/layers.7/attn/o_proj/MatMul_Q4,"0.0011,0.0011,0.0011,0.0011,0.0011"
OpenVINO-EP-subgraph_10.csv,/model/layers.7/post_attention_layernorm/SkipLayerNorm_/model/layers.7/post_attention_layernorm/output_3,"0.0020,0.0018,0.0016,0.0016,0.0016"
OpenVINO-EP-subgraph_10.csv,Multiply_5264,"0.0117,0.0115,0.0110,0.0108,0.0102"
OpenVINO-EP-subgraph_10.csv,/model/layers.7/post_attention_layernorm/SkipLayerNorm_,0.0003
OpenVINO-EP-subgraph_10.csv,Add_5268,0.0003
OpenVINO-EP-subgraph_10.csv,Sqrt_5269,0.0001
OpenVINO-EP-subgraph_10.csv,Multiply_5272,"0.0023,0.0022,0.0019,0.0018,0.0018"
OpenVINO-EP-subgraph_10.csv,/model/layers.7/post_attention_layernorm/SkipLayerNorm_/model/layers.7/post_attention_layernorm/output_0,"0.0005,0.0005,0.0005,0.0004,0.0004"
OpenVINO-EP-subgraph_10.csv,/model/layers.7/mlp/gate_proj/MatMul_Q4,"0.0022,0.0011,0.0009,0.0009,0.0009"
OpenVINO-EP-subgraph_10.csv,/model/layers.7/mlp/act_fn/Sigmoid,"0.0005,0.0005,0.0005,0.0005,0.0005"
OpenVINO-EP-subgraph_10.csv,/model/layers.7/mlp/act_fn/Mul,"0.0015,0.0012,0.0012,0.0011,0.0010"
OpenVINO-EP-subgraph_10.csv,/model/layers.7/mlp/up_proj/MatMul_Q4,"0.0010,0.0009,0.0009,0.0009,0.0008"
OpenVINO-EP-subgraph_10.csv,/model/layers.7/mlp/Mul,"0.0025,0.0012,0.0008,0.0008,0.0007"
OpenVINO-EP-subgraph_10.csv,/model/layers.7/mlp/down_proj/MatMul_Q4,"0.0125,0.0083,0.0047,0.0026,0.0025"
OpenVINO-EP-subgraph_10.csv,/model/layers.8/input_layernorm/output_3,"0.0135,0.0077,0.0058,0.0032,0.0027"
OpenVINO-EP-subgraph_10.csv,Multiply_5326,"0.1242,0.1149,0.0668,0.0195,0.0170"
OpenVINO-EP-subgraph_10.csv,/model/layers.8/input_layernorm/SkipLayerNorm_,0.0006
OpenVINO-EP-subgraph_10.csv,Add_5330,0.0006
OpenVINO-EP-subgraph_10.csv,Sqrt_5331,0.0007
OpenVINO-EP-subgraph_10.csv,/model/layers.8/input_layernorm/SkipLayerNorm__1,0.0002
OpenVINO-EP-subgraph_10.csv,Multiply_5334,"0.0105,0.0038,0.0032,0.0031,0.0027"
OpenVINO-EP-subgraph_10.csv,/model/layers.8/input_layernorm/SkipLayerNorm_/model/layers.8/input_layernorm/output_0,"0.0011,0.0010,0.0010,0.0010,0.0010"
OpenVINO-EP-subgraph_10.csv,/model/layers.8/attn/qkv_proj/MatMul/output_0,"0.0032,0.0031,0.0030,0.0030,0.0029"
OpenVINO-EP-subgraph_15.csv,/model/layers.12/attn/o_proj/MatMul_Q4,"0.0012,0.0012,0.0012,0.0011,0.0010"
OpenVINO-EP-subgraph_15.csv,/model/layers.12/post_attention_layernorm/SkipLayerNorm_/model/layers.12/post_attention_layernorm/output_3,"0.0019,0.0019,0.0018,0.0017,0.0017"
OpenVINO-EP-subgraph_15.csv,Multiply_5929,"0.0141,0.0131,0.0123,0.0111,0.0098"
OpenVINO-EP-subgraph_15.csv,/model/layers.12/post_attention_layernorm/SkipLayerNorm_,0.0002
OpenVINO-EP-subgraph_15.csv,Add_5933,0.0002
OpenVINO-EP-subgraph_15.csv,Sqrt_5934,0.0003
OpenVINO-EP-subgraph_15.csv,/model/layers.12/post_attention_layernorm/SkipLayerNorm__1,0.0004
OpenVINO-EP-subgraph_15.csv,Multiply_5937,"0.0028,0.0028,0.0025,0.0024,0.0024"
OpenVINO-EP-subgraph_15.csv,/model/layers.12/post_attention_layernorm/SkipLayerNorm_/model/layers.12/post_attention_layernorm/output_0,"0.0008,0.0008,0.0007,0.0007,0.0007"
OpenVINO-EP-subgraph_15.csv,/model/layers.12/mlp/gate_proj/MatMul_Q4,"0.0025,0.0020,0.0018,0.0018,0.0017"
OpenVINO-EP-subgraph_15.csv,/model/layers.12/mlp/act_fn/Sigmoid,"0.0006,0.0006,0.0005,0.0005,0.0005"
OpenVINO-EP-subgraph_15.csv,/model/layers.12/mlp/act_fn/Mul,"0.0026,0.0022,0.0021,0.0020,0.0019"
OpenVINO-EP-subgraph_15.csv,/model/layers.12/mlp/up_proj/MatMul_Q4,"0.0020,0.0017,0.0017,0.0017,0.0017"
OpenVINO-EP-subgraph_15.csv,/model/layers.12/mlp/Mul,"0.0035,0.0034,0.0030,0.0030,0.0028"
OpenVINO-EP-subgraph_15.csv,/model/layers.12/mlp/down_proj/MatMul_Q4,"0.0147,0.0128,0.0113,0.0087,0.0047"
OpenVINO-EP-subgraph_15.csv,/model/layers.13/input_layernorm/output_3,"0.0159,0.0147,0.0093,0.0090,0.0056"
OpenVINO-EP-subgraph_15.csv,Multiply_5991,"0.4376,0.3622,0.2715,0.1532,0.0512"
OpenVINO-EP-subgraph_15.csv,/model/layers.13/input_layernorm/SkipLayerNorm_,0.0020
OpenVINO-EP-subgraph_15.csv,Add_5995,0.0020
OpenVINO-EP-subgraph_15.csv,Sqrt_5996,0.0009
OpenVINO-EP-subgraph_15.csv,/model/layers.13/input_layernorm/SkipLayerNorm__1,0.0006
OpenVINO-EP-subgraph_15.csv,Multiply_5999,"0.0036,0.0035,0.0035,0.0032,0.0032"
OpenVINO-EP-subgraph_15.csv,/model/layers.13/input_layernorm/SkipLayerNorm_/model/layers.13/input_layernorm/output_0,"0.0018,0.0016,0.0016,0.0016,0.0015"
OpenVINO-EP-subgraph_15.csv,/model/layers.13/attn/qkv_proj/MatMul/output_0,"0.0059,0.0058,0.0057,0.0053,0.0052"
OpenVINO-EP-subgraph_16.csv,/model/layers.13/attn/o_proj/MatMul_Q4,"0.0018,0.0012,0.0011,0.0011,0.0011"
OpenVINO-EP-subgraph_16.csv,/model/layers.13/post_attention_layernorm/SkipLayerNorm_/model/layers.13/post_attention_layernorm/output_3,"0.0025,0.0024,0.0021,0.0019,0.0018"
OpenVINO-EP-subgraph_16.csv,Multiply_6062,"0.0488,0.0247,0.0207,0.0124,0.0112"
OpenVINO-EP-subgraph_16.csv,/model/layers.13/post_attention_layernorm/SkipLayerNorm_,0.0001
OpenVINO-EP-subgraph_16.csv,Sqrt_6067,0.0003
OpenVINO-EP-subgraph_16.csv,/model/layers.13/post_attention_layernorm/SkipLayerNorm__1,0.0004
OpenVINO-EP-subgraph_16.csv,Multiply_6070,"0.0056,0.0029,0.0028,0.0028,0.0027"
OpenVINO-EP-subgraph_16.csv,/model/layers.13/post_attention_layernorm/SkipLayerNorm_/model/layers.13/post_attention_layernorm/output_0,"0.0008,0.0008,0.0007,0.0007,0.0007"
OpenVINO-EP-subgraph_16.csv,/model/layers.13/mlp/gate_proj/MatMul_Q4,"0.0024,0.0021,0.0020,0.0018,0.0016"
OpenVINO-EP-subgraph_16.csv,/model/layers.13/mlp/act_fn/Sigmoid,"0.0005,0.0005,0.0005,0.0005,0.0005"
OpenVINO-EP-subgraph_16.csv,/model/layers.13/mlp/act_fn/Mul,"0.0026,0.0021,0.0019,0.0017,0.0016"
OpenVINO-EP-subgraph_16.csv,/model/layers.13/mlp/up_proj/MatMul_Q4,"0.0021,0.0017,0.0017,0.0017,0.0016"
OpenVINO-EP-subgraph_16.csv,/model/layers.13/mlp/Mul,"0.0054,0.0030,0.0026,0.0025,0.0024"
OpenVINO-EP-subgraph_16.csv,/model/layers.13/mlp/down_proj/MatMul_Q4,"0.0106,0.0062,0.0059,0.0038,0.0034"
OpenVINO-EP-subgraph_16.csv,/model/layers.14/input_layernorm/output_3,"0.0130,0.0066,0.0049,0.0042,0.0041"
OpenVINO-EP-subgraph_16.csv,Multiply_6124,"0.4289,0.1315,0.0615,0.0433,0.0393"
OpenVINO-EP-subgraph_16.csv,/model/layers.14/input_layernorm/SkipLayerNorm_,0.0018
OpenVINO-EP-subgraph_16.csv,Add_6128,0.0018
OpenVINO-EP-subgraph_16.csv,Sqrt_6129,0.0010
OpenVINO-EP-subgraph_16.csv,/model/layers.14/input_layernorm/SkipLayerNorm__1,0.0005
OpenVINO-EP-subgraph_16.csv,Multiply_6132,"0.0063,0.0036,0.0033,0.0031,0.0030"
OpenVINO-EP-subgraph_16.csv,/model/layers.14/input_layernorm/SkipLayerNorm_/model/layers.14/input_layernorm/output_0,"0.0021,0.0019,0.0017,0.0015,0.0015"
OpenVINO-EP-subgraph_16.csv,/model/layers.14/attn/qkv_proj/MatMul/output_0,"0.0048,0.0046,0.0044,0.0044,0.0042"
OpenVINO-EP-subgraph_19.csv,/model/layers.16/attn/o_proj/MatMul_Q4,"0.0012,0.0012,0.0011,0.0011,0.0011"
OpenVINO-EP-subgraph_19.csv,/model/layers.16/post_attention_layernorm/SkipLayerNorm_/model/layers.16/post_attention_layernorm/output_3,"0.0020,0.0018,0.0017,0.0017,0.0017"
OpenVINO-EP-subgraph_19.csv,Multiply_6461,"0.0140,0.0128,0.0120,0.0119,0.0114"
OpenVINO-EP-subgraph_19.csv,/model/layers.16/post_attention_layernorm/SkipLayerNorm_,0.0003
OpenVINO-EP-subgraph_19.csv,Add_6465,0.0003
OpenVINO-EP-subgraph_19.csv,Sqrt_6466,0.0004
OpenVINO-EP-subgraph_19.csv,/model/layers.16/post_attention_layernorm/SkipLayerNorm__1,0.0003
OpenVINO-EP-subgraph_19.csv,Multiply_6469,"0.0028,0.0027,0.0027,0.0026,0.0026"
OpenVINO-EP-subgraph_19.csv,/model/layers.16/post_attention_layernorm/SkipLayerNorm_/model/layers.16/post_attention_layernorm/output_0,"0.0010,0.0009,0.0009,0.0009,0.0008"
OpenVINO-EP-subgraph_19.csv,/model/layers.16/mlp/gate_proj/MatMul_Q4,"0.0020,0.0018,0.0018,0.0018,0.0018"
OpenVINO-EP-subgraph_19.csv,/model/layers.16/mlp/act_fn/Sigmoid,"0.0006,0.0006,0.0006,0.0005,0.0005"
OpenVINO-EP-subgraph_19.csv,/model/layers.16/mlp/act_fn/Mul,"0.0028,0.0026,0.0023,0.0021,0.0021"
OpenVINO-EP-subgraph_19.csv,/model/layers.16/mlp/up_proj/MatMul_Q4,"0.0021,0.0019,0.0019,0.0019,0.0019"
OpenVINO-EP-subgraph_19.csv,/model/layers.16/mlp/Mul,"0.0053,0.0048,0.0043,0.0038,0.0035"
OpenVINO-EP-subgraph_19.csv,/model/layers.16/mlp/down_proj/MatMul_Q4,"0.0103,0.0086,0.0075,0.0060,0.0051"
OpenVINO-EP-subgraph_19.csv,/model/layers.17/input_layernorm/output_3,"0.0134,0.0097,0.0072,0.0069,0.0063"
OpenVINO-EP-subgraph_19.csv,Multiply_6523,"0.4116,0.3602,0.1467,0.0697,0.0615"
OpenVINO-EP-subgraph_19.csv,/model/layers.17/input_layernorm/SkipLayerNorm_,0.0039
OpenVINO-EP-subgraph_19.csv,Add_6527,0.0039
OpenVINO-EP-subgraph_19.csv,Sqrt_6528,0.0015
OpenVINO-EP-subgraph_19.csv,/model/layers.17/input_layernorm/SkipLayerNorm__1,0.0003
OpenVINO-EP-subgraph_19.csv,Multiply_6531,"0.0041,0.0033,0.0030,0.0027,0.0026"
OpenVINO-EP-subgraph_19.csv,/model/layers.17/input_layernorm/SkipLayerNorm_/model/layers.17/input_layernorm/output_0,"0.0019,0.0018,0.0014,0.0014,0.0013"
OpenVINO-EP-subgraph_19.csv,/model/layers.17/attn/qkv_proj/MatMul/output_0,"0.0050,0.0048,0.0048,0.0048,0.0047"
OpenVINO-EP-subgraph_21.csv,/model/layers.18/attn/o_proj/MatMul_Q4,"0.0030,0.0016,0.0015,0.0014,0.0013"
OpenVINO-EP-subgraph_21.csv,/model/layers.18/post_attention_layernorm/SkipLayerNorm_/model/layers.18/post_attention_layernorm/output_3,"0.0043,0.0031,0.0030,0.0024,0.0022"
OpenVINO-EP-subgraph_21.csv,Multiply_6727,"0.0360,0.0242,0.0224,0.0177,0.0158"
OpenVINO-EP-subgraph_21.csv,/model/layers.18/post_attention_layernorm/SkipLayerNorm_,0.0003
OpenVINO-EP-subgraph_21.csv,Add_6731,0.0003
OpenVINO-EP-subgraph_21.csv,Sqrt_6732,0.0002
OpenVINO-EP-subgraph_21.csv,/model/layers.18/post_attention_layernorm/SkipLayerNorm__1,0.0004
OpenVINO-EP-subgraph_21.csv,Multiply_6735,"0.0034,0.0034,0.0033,0.0031,0.0030"
OpenVINO-EP-subgraph_21.csv,/model/layers.18/post_attention_layernorm/SkipLayerNorm_/model/layers.18/post_attention_layernorm/output_0,"0.0013,0.0013,0.0010,0.0010,0.0010"
OpenVINO-EP-subgraph_21.csv,/model/layers.18/mlp/gate_proj/MatMul_Q4,"0.0027,0.0025,0.0023,0.0022,0.0022"
OpenVINO-EP-subgraph_21.csv,/model/layers.18/mlp/act_fn/Sigmoid,"0.0005,0.0005,0.0005,0.0005,0.0005"
OpenVINO-EP-subgraph_21.csv,/model/layers.18/mlp/act_fn/Mul,"0.0031,0.0029,0.0028,0.0026,0.0023"
OpenVINO-EP-subgraph_21.csv,/model/layers.18/mlp/up_proj/MatMul_Q4,"0.0025,0.0023,0.0023,0.0021,0.0020"
OpenVINO-EP-subgraph_21.csv,/model/layers.18/mlp/Mul,"0.0095,0.0079,0.0066,0.0053,0.0038"
OpenVINO-EP-subgraph_21.csv,/model/layers.18/mlp/down_proj/MatMul_Q4,"0.0174,0.0138,0.0131,0.0064,0.0062"
OpenVINO-EP-subgraph_21.csv,/model/layers.19/input_layernorm/output_3,"0.0137,0.0135,0.0134,0.0065,0.0065"
OpenVINO-EP-subgraph_21.csv,Multiply_6789,"0.5467,0.4255,0.2875,0.0705,0.0690"
OpenVINO-EP-subgraph_21.csv,/model/layers.19/input_layernorm/SkipLayerNorm_,0.0041
OpenVINO-EP-subgraph_21.csv,Add_6793,0.0041
OpenVINO-EP-subgraph_21.csv,Sqrt_6794,0.0010
OpenVINO-EP-subgraph_21.csv,/model/layers.19/input_layernorm/SkipLayerNorm__1,0.0002
OpenVINO-EP-subgraph_21.csv,Multiply_6797,"0.0061,0.0048,0.0037,0.0030,0.0030"
OpenVINO-EP-subgraph_21.csv,/model/layers.19/input_layernorm/SkipLayerNorm_/model/layers.19/input_layernorm/output_0,"0.0022,0.0016,0.0016,0.0016,0.0015"
OpenVINO-EP-subgraph_21.csv,/model/layers.19/attn/qkv_proj/MatMul/output_0,"0.0054,0.0051,0.0050,0.0050,0.0047"
OpenVINO-EP-subgraph_24.csv,/model/layers.21/attn/o_proj/MatMul_Q4,"0.0013,0.0013,0.0013,0.0013,0.0013"
OpenVINO-EP-subgraph_24.csv,/model/layers.21/post_attention_layernorm/SkipLayerNorm_/model/layers.21/post_attention_layernorm/output_3,"0.0029,0.0024,0.0019,0.0019,0.0018"
OpenVINO-EP-subgraph_24.csv,Multiply_7126,"0.0210,0.0169,0.0142,0.0134,0.0126"
OpenVINO-EP-subgraph_24.csv,/model/layers.21/post_attention_layernorm/SkipLayerNorm__1,0.0002
OpenVINO-EP-subgraph_24.csv,Multiply_7134,"0.0032,0.0023,0.0022,0.0022,0.0022"
OpenVINO-EP-subgraph_24.csv,/model/layers.21/post_attention_layernorm/SkipLayerNorm_/model/layers.21/post_attention_layernorm/output_0,"0.0011,0.0010,0.0010,0.0009,0.0009"
OpenVINO-EP-subgraph_24.csv,/model/layers.21/mlp/gate_proj/MatMul_Q4,"0.0036,0.0022,0.0022,0.0020,0.0020"
OpenVINO-EP-subgraph_24.csv,/model/layers.21/mlp/act_fn/Sigmoid,"0.0006,0.0006,0.0006,0.0006,0.0006"
OpenVINO-EP-subgraph_24.csv,/model/layers.21/mlp/act_fn/Mul,"0.0024,0.0023,0.0023,0.0022,0.0020"
OpenVINO-EP-subgraph_24.csv,/model/layers.21/mlp/up_proj/MatMul_Q4,"0.0022,0.0020,0.0019,0.0019,0.0018"
OpenVINO-EP-subgraph_24.csv,/model/layers.21/mlp/Mul,"0.0090,0.0083,0.0054,0.0054,0.0040"
OpenVINO-EP-subgraph_24.csv,/model/layers.21/mlp/down_proj/MatMul_Q4,"0.0145,0.0070,0.0059,0.0054,0.0054"
OpenVINO-EP-subgraph_24.csv,/model/layers.22/input_layernorm/output_3,"0.0111,0.0093,0.0074,0.0072,0.0070"
OpenVINO-EP-subgraph_24.csv,Multiply_7188,"0.3463,0.2107,0.0928,0.0839,0.0829"
OpenVINO-EP-subgraph_24.csv,/model/layers.22/input_layernorm/SkipLayerNorm_,0.0034
OpenVINO-EP-subgraph_24.csv,Add_7192,0.0034
OpenVINO-EP-subgraph_24.csv,Sqrt_7193,0.0001
OpenVINO-EP-subgraph_24.csv,Multiply_7196,"0.0061,0.0047,0.0030,0.0030,0.0028"
OpenVINO-EP-subgraph_24.csv,/model/layers.22/input_layernorm/SkipLayerNorm_/model/layers.22/input_layernorm/output_0,"0.0020,0.0019,0.0018,0.0017,0.0016"
OpenVINO-EP-subgraph_24.csv,/model/layers.22/attn/qkv_proj/MatMul/output_0,"0.0070,0.0068,0.0062,0.0058,0.0058"
OpenVINO-EP-subgraph_25.csv,/model/layers.22/attn/o_proj/MatMul_Q4,"0.0023,0.0022,0.0021,0.0014,0.0014"
OpenVINO-EP-subgraph_25.csv,/model/layers.22/post_attention_layernorm/SkipLayerNorm_/model/layers.22/post_attention_layernorm/output_3,"0.0034,0.0032,0.0025,0.0022,0.0022"
OpenVINO-EP-subgraph_25.csv,Multiply_7259,"0.0520,0.0331,0.0254,0.0221,0.0162"
OpenVINO-EP-subgraph_25.csv,/model/layers.22/post_attention_layernorm/SkipLayerNorm_,0.0011
OpenVINO-EP-subgraph_25.csv,Add_7263,0.0011
OpenVINO-EP-subgraph_25.csv,Sqrt_7264,0.0005
OpenVINO-EP-subgraph_25.csv,/model/layers.22/post_attention_layernorm/SkipLayerNorm__1,0.0001
OpenVINO-EP-subgraph_25.csv,Multiply_7267,"0.0035,0.0034,0.0029,0.0023,0.0019"
OpenVINO-EP-subgraph_25.csv,/model/layers.22/post_attention_layernorm/SkipLayerNorm_/model/layers.22/post_attention_layernorm/output_0,"0.0013,0.0012,0.0009,0.0009,0.0009"
OpenVINO-EP-subgraph_25.csv,/model/layers.22/mlp/gate_proj/MatMul_Q4,"0.0020,0.0019,0.0018,0.0017,0.0017"
OpenVINO-EP-subgraph_25.csv,/model/layers.22/mlp/act_fn/Sigmoid,"0.0006,0.0006,0.0006,0.0005,0.0005"
OpenVINO-EP-subgraph_25.csv,/model/layers.22/mlp/act_fn/Mul,"0.0025,0.0023,0.0022,0.0021,0.0018"
OpenVINO-EP-subgraph_25.csv,/model/layers.22/mlp/up_proj/MatMul_Q4,"0.0020,0.0020,0.0020,0.0018,0.0017"
OpenVINO-EP-subgraph_25.csv,/model/layers.22/mlp/Mul,"0.0062,0.0056,0.0052,0.0047,0.0047"
OpenVINO-EP-subgraph_25.csv,/model/layers.22/mlp/down_proj/MatMul_Q4,"0.0065,0.0063,0.0057,0.0053,0.0052"
OpenVINO-EP-subgraph_25.csv,/model/layers.23/input_layernorm/output_3,"0.0127,0.0082,0.0065,0.0064,0.0061"
OpenVINO-EP-subgraph_25.csv,Multiply_7321,"0.8406,0.2148,0.0963,0.0855,0.0837"
OpenVINO-EP-subgraph_25.csv,/model/layers.23/input_layernorm/SkipLayerNorm_,0.0019
OpenVINO-EP-subgraph_25.csv,Add_7325,0.0019
OpenVINO-EP-subgraph_25.csv,Sqrt_7326,0.0001
OpenVINO-EP-subgraph_25.csv,/model/layers.23/input_layernorm/SkipLayerNorm__1,0.0001
OpenVINO-EP-subgraph_25.csv,Multiply_7329,"0.0032,0.0027,0.0026,0.0025,0.0025"
OpenVINO-EP-subgraph_25.csv,/model/layers.23/input_layernorm/SkipLayerNorm_/model/layers.23/input_layernorm/output_0,"0.0018,0.0018,0.0017,0.0017,0.0017"
OpenVINO-EP-subgraph_25.csv,/model/layers.23/attn/qkv_proj/MatMul/output_0,"0.0043,0.0038,0.0037,0.0036,0.0034"
OpenVINO-EP-subgraph_27.csv,/model/layers.24/attn/o_proj/MatMul_Q4,"0.0018,0.0015,0.0015,0.0015,0.0015"
OpenVINO-EP-subgraph_27.csv,/model/layers.24/post_attention_layernorm/SkipLayerNorm_/model/layers.24/post_attention_layernorm/output_3,"0.0029,0.0029,0.0023,0.0022,0.0022"
OpenVINO-EP-subgraph_27.csv,Multiply_7525,"0.0308,0.0287,0.0280,0.0203,0.0195"
OpenVINO-EP-subgraph_27.csv,/model/layers.24/post_attention_layernorm/SkipLayerNorm_,0.0002
OpenVINO-EP-subgraph_27.csv,Add_7529,0.0002
OpenVINO-EP-subgraph_27.csv,Sqrt_7530,0.0004
OpenVINO-EP-subgraph_27.csv,/model/layers.24/post_attention_layernorm/SkipLayerNorm__1,0.0004
OpenVINO-EP-subgraph_27.csv,Multiply_7533,"0.0037,0.0036,0.0034,0.0034,0.0033"
OpenVINO-EP-subgraph_27.csv,/model/layers.24/post_attention_layernorm/SkipLayerNorm_/model/layers.24/post_attention_layernorm/output_0,"0.0017,0.0017,0.0015,0.0015,0.0014"
OpenVINO-EP-subgraph_27.csv,/model/layers.24/mlp/gate_proj/MatMul_Q4,"0.0033,0.0031,0.0031,0.0030,0.0030"
OpenVINO-EP-subgraph_27.csv,/model/layers.24/mlp/act_fn/Sigmoid,"0.0006,0.0005,0.0005,0.0005,0.0005"
OpenVINO-EP-subgraph_27.csv,/model/layers.24/mlp/act_fn/Mul,"0.0035,0.0034,0.0033,0.0031,0.0030"
OpenVINO-EP-subgraph_27.csv,/model/layers.24/mlp/up_proj/MatMul_Q4,"0.0036,0.0035,0.0034,0.0032,0.0031"
OpenVINO-EP-subgraph_27.csv,/model/layers.24/mlp/Mul,"0.0151,0.0129,0.0080,0.0080,0.0075"
OpenVINO-EP-subgraph_27.csv,/model/layers.24/mlp/down_proj/MatMul_Q4,"0.0197,0.0122,0.0103,0.0098,0.0095"
OpenVINO-EP-subgraph_27.csv,/model/layers.25/input_layernorm/output_3,"0.0138,0.0129,0.0127,0.0118,0.0111"
OpenVINO-EP-subgraph_27.csv,Multiply_7587,"0.3095,0.2003,0.1388,0.1336,0.1314"
OpenVINO-EP-subgraph_27.csv,/model/layers.25/input_layernorm/SkipLayerNorm_,0.0116
OpenVINO-EP-subgraph_27.csv,Add_7591,0.0116
OpenVINO-EP-subgraph_27.csv,Sqrt_7592,0.0016
OpenVINO-EP-subgraph_27.csv,/model/layers.25/input_layernorm/SkipLayerNorm__1,0.0002
OpenVINO-EP-subgraph_27.csv,Multiply_7595,"0.0044,0.0043,0.0039,0.0035,0.0033"
OpenVINO-EP-subgraph_27.csv,/model/layers.25/input_layernorm/SkipLayerNorm_/model/layers.25/input_layernorm/output_0,"0.0028,0.0027,0.0023,0.0023,0.0023"
OpenVINO-EP-subgraph_27.csv,/model/layers.25/attn/qkv_proj/MatMul/output_0,"0.0055,0.0054,0.0051,0.0049,0.0047"
OpenVINO-EP-subgraph_28.csv,/model/layers.25/attn/o_proj/MatMul_Q4,"0.0020,0.0018,0.0016,0.0016,0.0015"
OpenVINO-EP-subgraph_28.csv,/model/layers.25/post_attention_layernorm/SkipLayerNorm_/model/layers.25/post_attention_layernorm/output_3,"0.0031,0.0027,0.0026,0.0026,0.0023"
OpenVINO-EP-subgraph_28.csv,Multiply_7658,"0.0373,0.0217,0.0211,0.0171,0.0170"
OpenVINO-EP-subgraph_28.csv,/model/layers.25/post_attention_layernorm/SkipLayerNorm_,0.0008
OpenVINO-EP-subgraph_28.csv,Add_7662,0.0008
OpenVINO-EP-subgraph_28.csv,Sqrt_7663,0.0003
OpenVINO-EP-subgraph_28.csv,/model/layers.25/post_attention_layernorm/SkipLayerNorm__1,0.0003
OpenVINO-EP-subgraph_28.csv,Multiply_7666,"0.0037,0.0033,0.0030,0.0029,0.0029"
OpenVINO-EP-subgraph_28.csv,/model/layers.25/post_attention_layernorm/SkipLayerNorm_/model/layers.25/post_attention_layernorm/output_0,"0.0016,0.0016,0.0015,0.0015,0.0015"
OpenVINO-EP-subgraph_28.csv,/model/layers.25/mlp/gate_proj/MatMul_Q4,"0.0032,0.0027,0.0026,0.0025,0.0025"
OpenVINO-EP-subgraph_28.csv,/model/layers.25/mlp/act_fn/Sigmoid,"0.0007,0.0006,0.0006,0.0006,0.0006"
OpenVINO-EP-subgraph_28.csv,/model/layers.25/mlp/act_fn/Mul,"0.0033,0.0030,0.0029,0.0029,0.0028"
OpenVINO-EP-subgraph_28.csv,/model/layers.25/mlp/up_proj/MatMul_Q4,"0.0034,0.0033,0.0033,0.0032,0.0031"
OpenVINO-EP-subgraph_28.csv,/model/layers.25/mlp/Mul,"0.0101,0.0089,0.0088,0.0077,0.0077"
OpenVINO-EP-subgraph_28.csv,/model/layers.25/mlp/down_proj/MatMul_Q4,"0.0118,0.0113,0.0103,0.0101,0.0101"
OpenVINO-EP-subgraph_28.csv,/model/layers.26/input_layernorm/output_3,"0.0128,0.0103,0.0103,0.0101,0.0099"
OpenVINO-EP-subgraph_28.csv,Multiply_7720,"0.1699,0.1333,0.1270,0.1237,0.1220"
OpenVINO-EP-subgraph_28.csv,/model/layers.26/input_layernorm/SkipLayerNorm_,0.0102
OpenVINO-EP-subgraph_28.csv,Add_7724,0.0102
OpenVINO-EP-subgraph_28.csv,Sqrt_7725,0.0014
OpenVINO-EP-subgraph_28.csv,/model/layers.26/input_layernorm/SkipLayerNorm__1,0.0001
OpenVINO-EP-subgraph_28.csv,Multiply_7728,"0.0052,0.0039,0.0037,0.0037,0.0036"
OpenVINO-EP-subgraph_28.csv,/model/layers.26/input_layernorm/SkipLayerNorm_/model/layers.26/input_layernorm/output_0,"0.0035,0.0024,0.0023,0.0023,0.0023"
OpenVINO-EP-subgraph_28.csv,/model/layers.26/attn/qkv_proj/MatMul/output_0,"0.0061,0.0059,0.0058,0.0057,0.0055"
OpenVINO-EP-subgraph_30.csv,/model/layers.27/attn/o_proj/MatMul_Q4,"0.0018,0.0015,0.0015,0.0013,0.0013"
OpenVINO-EP-subgraph_30.csv,/model/layers.27/post_attention_layernorm/SkipLayerNorm_/model/layers.27/post_attention_layernorm/output_3,"0.0026,0.0022,0.0022,0.0021,0.0021"
OpenVINO-EP-subgraph_30.csv,Multiply_7924,"0.0320,0.0278,0.0242,0.0224,0.0167"
OpenVINO-EP-subgraph_30.csv,/model/layers.27/post_attention_layernorm/SkipLayerNorm_,0.0005
OpenVINO-EP-subgraph_30.csv,Add_7928,0.0005
OpenVINO-EP-subgraph_30.csv,Sqrt_7929,0.0001
OpenVINO-EP-subgraph_30.csv,/model/layers.27/post_attention_layernorm/SkipLayerNorm__1,0.0001
OpenVINO-EP-subgraph_30.csv,Multiply_7932,"0.0028,0.0022,0.0022,0.0022,0.0021"
OpenVINO-EP-subgraph_30.csv,/model/layers.27/post_attention_layernorm/SkipLayerNorm_/model/layers.27/post_attention_layernorm/output_0,"0.0018,0.0016,0.0014,0.0014,0.0013"
OpenVINO-EP-subgraph_30.csv,/model/layers.27/mlp/gate_proj/MatMul_Q4,"0.0029,0.0027,0.0025,0.0024,0.0023"
OpenVINO-EP-subgraph_30.csv,/model/layers.27/mlp/act_fn/Sigmoid,"0.0008,0.0006,0.0006,0.0006,0.0006"
OpenVINO-EP-subgraph_30.csv,/model/layers.27/mlp/act_fn/Mul,"0.0033,0.0027,0.0027,0.0026,0.0026"
OpenVINO-EP-subgraph_30.csv,/model/layers.27/mlp/up_proj/MatMul_Q4,"0.0031,0.0031,0.0027,0.0026,0.0026"
OpenVINO-EP-subgraph_30.csv,/model/layers.27/mlp/Mul,"0.0088,0.0077,0.0076,0.0075,0.0074"
OpenVINO-EP-subgraph_30.csv,/model/layers.27/mlp/down_proj/MatMul_Q4,"0.0149,0.0119,0.0112,0.0105,0.0104"
OpenVINO-EP-subgraph_30.csv,/model/layers.28/input_layernorm/output_3,"0.0180,0.0134,0.0130,0.0124,0.0113"
OpenVINO-EP-subgraph_30.csv,Multiply_7986,"0.3150,0.2846,0.2351,0.2101,0.2023"
OpenVINO-EP-subgraph_30.csv,/model/layers.28/input_layernorm/SkipLayerNorm_,0.0058
OpenVINO-EP-subgraph_30.csv,Add_7990,0.0058
OpenVINO-EP-subgraph_30.csv,Sqrt_7991,0.0005
OpenVINO-EP-subgraph_30.csv,/model/layers.28/input_layernorm/SkipLayerNorm__1,0.0001
OpenVINO-EP-subgraph_30.csv,Multiply_7994,"0.0038,0.0031,0.0030,0.0029,0.0028"
OpenVINO-EP-subgraph_30.csv,/model/layers.28/input_layernorm/SkipLayerNorm_/model/layers.28/input_layernorm/output_0,"0.0024,0.0024,0.0022,0.0021,0.0021"
OpenVINO-EP-subgraph_30.csv,/model/layers.28/attn/qkv_proj/MatMul/output_0,"0.0065,0.0056,0.0053,0.0051,0.0051"
OpenVINO-EP-subgraph_31.csv,/model/layers.28/attn/o_proj/MatMul_Q4,"0.0023,0.0020,0.0018,0.0018,0.0018"
OpenVINO-EP-subgraph_31.csv,/model/layers.28/post_attention_layernorm/SkipLayerNorm_/model/layers.28/post_attention_layernorm/output_3,"0.0034,0.0027,0.0023,0.0022,0.0020"
OpenVINO-EP-subgraph_31.csv,Multiply_8057,"0.0229,0.0225,0.0196,0.0161,0.0161"
OpenVINO-EP-subgraph_31.csv,/model/layers.28/post_attention_layernorm/SkipLayerNorm_,0.0003
OpenVINO-EP-subgraph_31.csv,Add_8061,0.0003
OpenVINO-EP-subgraph_31.csv,Sqrt_8062,0.0004
OpenVINO-EP-subgraph_31.csv,/model/layers.28/post_attention_layernorm/SkipLayerNorm__1,0.0002
OpenVINO-EP-subgraph_31.csv,Multiply_8065,"0.0026,0.0024,0.0023,0.0022,0.0022"
OpenVINO-EP-subgraph_31.csv,/model/layers.28/post_attention_layernorm/SkipLayerNorm_/model/layers.28/post_attention_layernorm/output_0,"0.0017,0.0014,0.0014,0.0014,0.0013"
OpenVINO-EP-subgraph_31.csv,/model/layers.28/mlp/gate_proj/MatMul_Q4,"0.0039,0.0037,0.0029,0.0029,0.0029"
OpenVINO-EP-subgraph_31.csv,/model/layers.28/mlp/act_fn/Sigmoid,"0.0007,0.0006,0.0006,0.0006,0.0006"
OpenVINO-EP-subgraph_31.csv,/model/layers.28/mlp/act_fn/Mul,"0.0037,0.0035,0.0031,0.0030,0.0028"
OpenVINO-EP-subgraph_31.csv,/model/layers.28/mlp/up_proj/MatMul_Q4,"0.0035,0.0031,0.0030,0.0029,0.0028"
OpenVINO-EP-subgraph_31.csv,/model/layers.28/mlp/Mul,"0.0120,0.0099,0.0089,0.0089,0.0081"
OpenVINO-EP-subgraph_31.csv,/model/layers.28/mlp/down_proj/MatMul_Q4,"0.0134,0.0108,0.0107,0.0106,0.0106"
OpenVINO-EP-subgraph_31.csv,/model/layers.29/input_layernorm/output_3,"0.0175,0.0142,0.0125,0.0117,0.0113"
OpenVINO-EP-subgraph_31.csv,Multiply_8119,"0.5215,0.2821,0.2806,0.2155,0.1949"
OpenVINO-EP-subgraph_31.csv,/model/layers.29/input_layernorm/SkipLayerNorm_,0.0144
OpenVINO-EP-subgraph_31.csv,Add_8123,0.0144
OpenVINO-EP-subgraph_31.csv,Sqrt_8124,0.0011
OpenVINO-EP-subgraph_31.csv,/model/layers.29/input_layernorm/SkipLayerNorm__1,0.0001
OpenVINO-EP-subgraph_31.csv,Multiply_8127,"0.0053,0.0037,0.0033,0.0032,0.0031"
OpenVINO-EP-subgraph_31.csv,/model/layers.29/input_layernorm/SkipLayerNorm_/model/layers.29/input_layernorm/output_0,"0.0047,0.0027,0.0025,0.0023,0.0023"
OpenVINO-EP-subgraph_31.csv,/model/layers.29/attn/qkv_proj/MatMul/output_0,"0.0066,0.0066,0.0065,0.0061,0.0061"
OpenVINO-EP-subgraph_32.csv,/model/layers.29/attn/o_proj/MatMul_Q4,"0.0022,0.0022,0.0021,0.0018,0.0017"
OpenVINO-EP-subgraph_32.csv,/model/layers.29/post_attention_layernorm/SkipLayerNorm_/model/layers.29/post_attention_layernorm/output_3,"0.0036,0.0030,0.0029,0.0028,0.0028"
OpenVINO-EP-subgraph_32.csv,Multiply_8190,"0.0398,0.0319,0.0294,0.0256,0.0234"
OpenVINO-EP-subgraph_32.csv,/model/layers.29/post_attention_layernorm/SkipLayerNorm_,0.0002
OpenVINO-EP-subgraph_32.csv,Add_8194,0.0002
OpenVINO-EP-subgraph_32.csv,Sqrt_8195,0.0004
OpenVINO-EP-subgraph_32.csv,/model/layers.29/post_attention_layernorm/SkipLayerNorm__1,0.0001
OpenVINO-EP-subgraph_32.csv,Multiply_8198,"0.0025,0.0024,0.0023,0.0023,0.0021"
OpenVINO-EP-subgraph_32.csv,/model/layers.29/post_attention_layernorm/SkipLayerNorm_/model/layers.29/post_attention_layernorm/output_0,"0.0017,0.0014,0.0014,0.0014,0.0014"
OpenVINO-EP-subgraph_32.csv,/model/layers.29/mlp/gate_proj/MatMul_Q4,"0.0039,0.0033,0.0031,0.0030,0.0028"
OpenVINO-EP-subgraph_32.csv,/model/layers.29/mlp/act_fn/Sigmoid,"0.0007,0.0006,0.0006,0.0006,0.0006"
OpenVINO-EP-subgraph_32.csv,/model/layers.29/mlp/act_fn/Mul,"0.0044,0.0044,0.0043,0.0042,0.0042"
OpenVINO-EP-subgraph_32.csv,/model/layers.29/mlp/up_proj/MatMul_Q4,"0.0035,0.0032,0.0028,0.0028,0.0027"
OpenVINO-EP-subgraph_32.csv,/model/layers.29/mlp/Mul,"0.0212,0.0164,0.0152,0.0149,0.0126"
OpenVINO-EP-subgraph_32.csv,/model/layers.29/mlp/down_proj/MatMul_Q4,"0.0547,0.0309,0.0294,0.0176,0.0172"
OpenVINO-EP-subgraph_32.csv,/model/layers.30/input_layernorm/output_3,"0.0531,0.0261,0.0199,0.0196,0.0183"
OpenVINO-EP-subgraph_32.csv,Multiply_8252,"6.5627,2.8074,1.2310,1.0298,0.7883"
OpenVINO-EP-subgraph_32.csv,/model/layers.30/input_layernorm/SkipLayerNorm_,0.0211
OpenVINO-EP-subgraph_32.csv,Add_8256,0.0211
OpenVINO-EP-subgraph_32.csv,Sqrt_8257,0.0028
OpenVINO-EP-subgraph_32.csv,/model/layers.30/input_layernorm/SkipLayerNorm__1,0.0001
OpenVINO-EP-subgraph_32.csv,Multiply_8260,"0.0120,0.0063,0.0039,0.0029,0.0026"
OpenVINO-EP-subgraph_32.csv,/model/layers.30/input_layernorm/SkipLayerNorm_/model/layers.30/input_layernorm/output_0,"0.0027,0.0022,0.0021,0.0020,0.0019"
OpenVINO-EP-subgraph_32.csv,/model/layers.30/attn/qkv_proj/MatMul/output_0,"0.0076,0.0068,0.0056,0.0055,0.0054"
OpenVINO-EP-subgraph_33.csv,/model/layers.30/attn/o_proj/MatMul_Q4,"0.0023,0.0019,0.0018,0.0018,0.0017"
OpenVINO-EP-subgraph_33.csv,/model/layers.30/post_attention_layernorm/SkipLayerNorm_/model/layers.30/post_attention_layernorm/output_3,"0.0031,0.0028,0.0027,0.0026,0.0026"
OpenVINO-EP-subgraph_33.csv,Multiply_8323,"0.0310,0.0270,0.0254,0.0253,0.0237"
OpenVINO-EP-subgraph_33.csv,/model/layers.30/post_attention_layernorm/SkipLayerNorm_,0.0010
OpenVINO-EP-subgraph_33.csv,Add_8327,0.0010
OpenVINO-EP-subgraph_33.csv,Sqrt_8328,0.0001
OpenVINO-EP-subgraph_33.csv,/model/layers.30/post_attention_layernorm/SkipLayerNorm__1,0.0003
OpenVINO-EP-subgraph_33.csv,Multiply_8331,"0.0037,0.0031,0.0027,0.0027,0.0026"
OpenVINO-EP-subgraph_33.csv,/model/layers.30/post_attention_layernorm/SkipLayerNorm_/model/layers.30/post_attention_layernorm/output_0,"0.0026,0.0019,0.0019,0.0019,0.0017"
OpenVINO-EP-subgraph_33.csv,/model/layers.30/mlp/gate_proj/MatMul_Q4,"0.0042,0.0040,0.0039,0.0037,0.0037"
OpenVINO-EP-subgraph_33.csv,/model/layers.30/mlp/act_fn/Sigmoid,"0.0008,0.0008,0.0008,0.0007,0.0007"
OpenVINO-EP-subgraph_33.csv,/model/layers.30/mlp/act_fn/Mul,"0.0099,0.0063,0.0060,0.0054,0.0047"
OpenVINO-EP-subgraph_33.csv,/model/layers.30/mlp/up_proj/MatMul_Q4,"0.0046,0.0041,0.0040,0.0040,0.0040"
OpenVINO-EP-subgraph_33.csv,/model/layers.30/mlp/Mul,"0.0423,0.0318,0.0223,0.0213,0.0174"
OpenVINO-EP-subgraph_33.csv,/model/layers.30/mlp/down_proj/MatMul_Q4,"0.0240,0.0234,0.0218,0.0200,0.0199"
OpenVINO-EP-subgraph_33.csv,/model/layers.31/input_layernorm/output_3,"0.0246,0.0220,0.0220,0.0220,0.0220"
OpenVINO-EP-subgraph_33.csv,Multiply_8385,"0.8567,0.7337,0.7127,0.7063,0.5814"
OpenVINO-EP-subgraph_33.csv,/model/layers.31/input_layernorm/SkipLayerNorm_,0.0439
OpenVINO-EP-subgraph_33.csv,Add_8389,0.0439
OpenVINO-EP-subgraph_33.csv,Sqrt_8390,0.0063
OpenVINO-EP-subgraph_33.csv,/model/layers.31/input_layernorm/SkipLayerNorm__1,0.0003
OpenVINO-EP-subgraph_33.csv,Multiply_8393,"0.0052,0.0044,0.0044,0.0038,0.0038"
OpenVINO-EP-subgraph_33.csv,/model/layers.31/input_layernorm/SkipLayerNorm_/model/layers.31/input_layernorm/output_0,"0.0040,0.0038,0.0036,0.0034,0.0031"
OpenVINO-EP-subgraph_33.csv,/model/layers.31/attn/qkv_proj/MatMul/output_0,"0.0073,0.0069,0.0069,0.0069,0.0068"
OpenVINO-EP-subgraph_34.csv,/model/layers.31/attn/o_proj/MatMul_Q4,"0.0026,0.0025,0.0019,0.0018,0.0016"
OpenVINO-EP-subgraph_34.csv,/model/layers.31/post_attention_layernorm/SkipLayerNorm_/model/layers.31/post_attention_layernorm/output_3,"0.0033,0.0033,0.0028,0.0028,0.0027"
OpenVINO-EP-subgraph_34.csv,Multiply_8456,"0.0407,0.0333,0.0328,0.0290,0.0279"
OpenVINO-EP-subgraph_34.csv,/model/layers.31/post_attention_layernorm/SkipLayerNorm_,0.0002
OpenVINO-EP-subgraph_34.csv,Add_8460,0.0002
OpenVINO-EP-subgraph_34.csv,/model/layers.31/post_attention_layernorm/SkipLayerNorm__1,0.0001
OpenVINO-EP-subgraph_34.csv,Multiply_8464,"0.0033,0.0029,0.0025,0.0025,0.0025"
OpenVINO-EP-subgraph_34.csv,/model/layers.31/post_attention_layernorm/SkipLayerNorm_/model/layers.31/post_attention_layernorm/output_0,"0.0019,0.0018,0.0016,0.0015,0.0015"
OpenVINO-EP-subgraph_34.csv,/model/layers.31/mlp/gate_proj/MatMul_Q4,"0.0038,0.0035,0.0034,0.0031,0.0031"
OpenVINO-EP-subgraph_34.csv,/model/layers.31/mlp/act_fn/Sigmoid,"0.0007,0.0007,0.0007,0.0007,0.0007"
OpenVINO-EP-subgraph_34.csv,/model/layers.31/mlp/act_fn/Mul,"0.0038,0.0037,0.0034,0.0034,0.0033"
OpenVINO-EP-subgraph_34.csv,/model/layers.31/mlp/up_proj/MatMul_Q4,"0.0033,0.0031,0.0030,0.0029,0.0029"
OpenVINO-EP-subgraph_34.csv,/model/layers.31/mlp/Mul,"0.0195,0.0188,0.0169,0.0158,0.0135"
OpenVINO-EP-subgraph_34.csv,/model/layers.31/mlp/down_proj/MatMul_Q4,"0.0294,0.0284,0.0210,0.0164,0.0137"
OpenVINO-EP-subgraph_34.csv,Add_8517,"0.0295,0.0295,0.0182,0.0177,0.0152"
OpenVINO-EP-subgraph_34.csv,Multiply_8518,"0.5392,0.4360,0.4100,0.3723,0.3029"
OpenVINO-EP-subgraph_34.csv,ReduceMean_8520,0.0121
OpenVINO-EP-subgraph_34.csv,Add_8522,0.0122
OpenVINO-EP-subgraph_34.csv,Sqrt_8523,0.0020
OpenVINO-EP-subgraph_34.csv,Divide_8525,0.0002
OpenVINO-EP-subgraph_34.csv,Multiply_8526,"0.0061,0.0056,0.0042,0.0038,0.0036"
OpenVINO-EP-subgraph_34.csv,/model/layers.32/final_norm_layernorm/SkipLayerNorm_/model/layers.32/final_norm_layernorm/output_0,"0.0059,0.0058,0.0055,0.0052,0.0051"
OpenVINO-EP-subgraph_34.csv,logits,"0.0243,0.0240,0.0229,0.0223,0.0223"
